"continente","ano","pib_corrente","pib_taxa_crescimento","pib_per_capita","expec_anos_escolaridade","expec_vida_mulheres","expec_vida_homens","expec_vida_geral","forca_trabalho_ensino_basico","forca_trabalho_ensino_intermediario","forca_trabalho_ensino_superior","pib_gasto_educacao","desemprego_ensino_basico","desemprego_ensino_intermediario","desemprego_ensino_avancad"
"Africa Eastern and Southern","2015","899295676086.836","3.01157198178016","1498.80508358802","9.41691970825195","64.1911251346056","59.517464093099","61.8564581403595","..","..","..","4.75098514556884","..","..",".."
"Africa Eastern and Southern","2016","829829959319.292","2.18358078096774","1346.30128120779","9.46366024017334","64.8677908228342","60.0212486659235","62.444050201953","..","..","..","4.88207006454468","..","..",".."
"Africa Eastern and Southern","2017","940105480733.676","2.65139974202668","1485.7535786147","..","65.3040097015379","60.5358392824653","62.9223896233502","..","..","..","4.82044506072998","..","..",".."
"Africa Eastern and Southern","2018","1012719339457.72","2.681718104162","1558.61207925907","..","65.8281070906573","60.9051856180292","63.3658626111831","..","..","..","4.73974990844727","..","..",".."
"Africa Eastern and Southern","2019","1006527294483.09","2.18925928385238","1508.48688648948","..","66.2197263000846","61.2907210048687","63.7556779176533","..","..","..","4.51147508621216","..","..",".."
"Africa Eastern and Southern","2020","929074086484.093","-2.78037855183037","1356.08887141531","..","65.8364652190824","60.8174841935841","63.313860330682","..","..","..","4.35243988037109","..","..",".."
"Africa Eastern and Southern","2021","1086772164579.87","4.49737998264359","1545.95669660381","..","65.0784721607323","59.8945091279094","62.4545896453864","..","..","..","4.67440986633301","..","..",".."
"Africa Eastern and Southern","2022","1183962133998.87","3.55442232938942","1642.43203899493","..","65.4906379129486","60.362146232913","62.8990306485382","..","..","..","4.2441201210022","..","..",".."
"Africa Eastern and Southern","2023","1236163044999.97","2.62231040700607","1672.5059574692","..","..","..","..","..","..","..","..","..","..",".."
"Africa Western and Central","2015","769367317617.821","2.81397900746174","1882.51880807768","8.89208030700684","57.1643238923324","55.2335069473088","56.1958723463673","..","..","..","3.19549000263215","..","..",".."
"Africa Western and Central","2016","692181085843.488","0.141488617696979","1648.92026894717","8.69777965545654","57.4486009951228","55.7171055612091","56.5816784850503","..","..","..","2.78355002403259","..","..",".."
"Africa Western and Central","2017","685750159763.133","2.28496137040275","1590.5557849502","8.70069026947021","57.8422360012788","55.942663783214","56.888445830282","..","..","..","3.53558993339539","..","..",".."
"Africa Western and Central","2018","768189587833.624","2.84264500273268","1735.44583276662","8.70934963226318","58.113247716781","56.2718124700128","57.1891392680655","..","..","..","3.07200002670288","..","..",".."
"Africa Western and Central","2019","823933630796.516","3.22202851816455","1813.60914568405","..","58.5459790446893","56.5773921225952","57.5557955517512","53.2797457983622","63.0571140583077","74.7193625181055","3.10000002384186","13.1289425493484","15.6706775012704","20.8343745029732"
"Africa Western and Central","2020","787146719022.421","-1.00441739370378","1688.47087082362","..","58.3462397855696","56.1310226277444","57.2263727312399","..","..","..","3.40399992465973","..","..",".."
"Africa Western and Central","2021","845993047006.805","3.99485439730634","1769.17185266776","..","58.0998277402241","55.903419131817","56.9886567820139","..","..","..","3.28288006782531","..","..",".."
"Africa Western and Central","2022","877140805320.357","3.78448567787608","1788.8753472127","..","58.717472285814","56.5567273374761","57.626176164197","71.561891502385","74.5264082752764","75.4171018317782","2.9284999370575","5.35142177523468","7.11128172972122","10.5231173053586"
"Africa Western and Central","2023","796586157553.094","3.34277559400802","1584.33328485465","..","..","..","..","..","..","..","..","..","..",".."
"Arab World","2015","2544136348540.18","3.38756030711494","6258.60722652973","10.9008302688599","72.8902808501337","68.8064676834851","70.7582222288211","..","..","..","..","..","..",".."
"Arab World","2016","2499965913229.88","3.60944655086158","6022.88281755523","10.952130317688","73.2283985397367","68.8646134647447","70.9430622781923","..","..","..","..","..","..",".."
"Arab World","2017","2571053716382.94","1.51128390704507","6068.60300810317","11.05784034729","73.7323198474657","69.3336597525731","71.4295960025113","..","..","..","..","..","..",".."
"Arab World","2018","2865543585777.95","2.62315703654876","6624.83465856668","11.1819696426392","73.8423769640706","69.6093962051032","71.6330166549463","..","..","..","..","..","..",".."
"Arab World","2019","2898668715645.56","1.67111088873453","6565.98083975861","11.2999496459961","73.939309768062","69.9069657642315","71.8446260250446","..","..","..","..","..","..",".."
"Arab World","2020","2576553324185.61","-5.40097921653559","5735.50986687093","11.3555498123169","73.1127112182209","68.9362228892435","70.9233595872331","..","..","..","..","..","..",".."
"Arab World","2021","2969116805615.58","5.11664702876513","6503.79337634305","11.4030303955078","72.9896942067504","68.8324333178596","70.814483021063","..","..","..","..","..","..",".."
"Arab World","2022","3613682354462.24","5.79310898501694","7776.62937958481","..","73.3736804518296","69.2570317618992","71.2272744547437","..","..","..","..","..","..",".."
"Arab World","2023","3491516939569.88","0.929791980463165","7377.39893629449","..","..","..","..","..","..","..","..","..","..",".."
"Caribbean small states","2015","34538256117.6859","0.697970065643204","11629.1207744449","12.8020296096802","75.0590245217263","68.8686474557813","71.8831902659277","..","..","..","..","..","..",".."
"Caribbean small states","2016","33451252507.2663","0.471963597496924","11175.5737188632","12.9395503997803","75.4175370081085","69.177910167433","72.2220822250887","..","..","..","..","..","..",".."
"Caribbean small states","2017","34921587493.3397","1.94326028621741","11576.2769685123","..","75.6575848373518","69.3736314356137","72.4446539898052","..","..","..","..","..","..",".."
"Caribbean small states","2018","36225416548.2006","2.89116347683975","11845.703369406","..","75.9749610277166","69.5866271194764","72.7112410753584","..","..","..","..","..","..",".."
"Caribbean small states","2019","37621010338.3616","1.02465322343599","12173.610811624","..","75.5181696258341","69.3737191347951","72.3737406068003","..","..","..","..","..","..",".."
"Caribbean small states","2020","31378030000.782","-9.19346279301007","10101.7904602533","..","75.6856870019938","69.1489863709495","72.3312275141371","..","..","..","..","..","..",".."
"Caribbean small states","2021","36706592898.6925","10.4440323505071","11732.8975463126","..","73.7573606992485","67.4086383982671","70.4817910938051","..","..","..","..","..","..",".."
"Caribbean small states","2022","48138054138.9849","22.4782173424467","15296.212982156","..","74.3051066501443","67.926459871503","71.0346770865606","..","..","..","..","..","..",".."
"Caribbean small states","2023","53252637669.8953","12.7158562820673","16810.93501732","..","..","..","..","..","..","..","..","..","..",".."
"Central Europe and the Baltics","2015","1293623329358.52","4.02632209202108","12528.0826430876","15.7123699188232","80.3718095085265","72.9625917558895","76.5718777647788","33.7889741379702","61.8991252773218","78.6193546675365","4.81700992584229","3.99131060612579","4.38358817678737","4.72712517493438"
"Central Europe and the Baltics","2016","1316821592128.16","2.75319275014614","12785.3859233633","15.5842199325562","80.8220874658193","73.3110617356724","76.9698114171911","33.1976116880349","61.841860744511","78.7590886049967","4.65749979019165","3.36767636159541","3.69295096614472","4.01184087020107"
"Central Europe and the Baltics","2017","1461567745963.7","5.10127396652673","14225.8773247545","15.5721101760864","80.6935222280862","73.3517948256635","76.9283763556248","33.5346781330153","62.1520580478669","78.8684614966138","4.07527017593384","2.915562448882","3.0096667769794","3.14308631874656"
"Central Europe and the Baltics","2018","1649014249607.31","4.94640018271339","16081.9110638536","15.479640007019","80.7809918564187","73.3628914039973","76.9768226818402","33.2292475954397","61.79044321723","78.9879066159283","4.24356985092163","2.42415970598984","2.48934438729321","2.60068336693451"
"Central Europe and the Baltics","2019","1674815945871.77","3.9085218171802","16355.8581493383","15.4132204055786","81.0160796344424","73.7044279479034","77.2668446661451","33.4870788330957","61.2727488462619","79.1129335089172","4.27319002151489","2.0963218433772","2.22740153224061","2.36686424934264"
"Central Europe and the Baltics","2020","1665817489087.96","-3.41747603978885","16302.7546246465","15.3944902420044","79.9741258345385","72.3845741254214","76.0823543627006","33.040291649982","60.6457019297698","78.4459218333028","4.72159004211426","2.47710382750306","2.59920124307309","2.71113594741834"
"Central Europe and the Baltics","2021","1908203520080.5","6.43339870687696","18816.1336904293","15.4706296920776","78.6268589259323","71.1582462118745","74.7974010962248","30.8671361838708","60.4345962087503","79.4348647221194","5.01000022888184","2.37846333133178","2.3918948252282","2.42547381525955"
"Central Europe and the Baltics","2022","1943576044705.41","4.24707312691251","19414.7416594388","15.4632301330566","80.5601890472016","73.2082923788518","76.7900832133555","31.3654007258982","60.7274787296471","79.9236449651712","..","2.15376795997665","1.99450351821828","1.91686409456189"
"Central Europe and the Baltics","2023","2252970882003.43","0.51170304534574","22494.4806637564","..","..","..","..","31.349735864726","60.353156281355","79.9397859581028","..","1.79218372913284","1.87208646265393","1.97626144807705"
"Early-demographic dividend","2015","10237020101449.3","4.413613006364","3234.22594362502","11.7312498092651","71.9313087083528","67.9302472915612","69.8712079158622","..","..","..","4.02387511730194","..","..",".."
"Early-demographic dividend","2016","10537028724316.6","4.41966409712549","3284.23162293425","11.9691095352173","72.2801307071338","68.2698952789289","70.2163878090451","..","..","..","4.00170505046844","..","..",".."
"Early-demographic dividend","2017","11393447781978.4","4.6328678778804","3504.86445468793","11.9454002380371","72.6046030695642","68.5867520062649","70.5384490311908","..","..","..","3.93130993843079","..","..",".."
"Early-demographic dividend","2018","11524427704062.7","3.84020966703507","3499.78425455711","11.7796802520752","72.8789921083209","68.8227265227278","70.7948250264641","51.8558472349709","50.9450280528544","67.8487104700107","3.80771505832672","11.7960926444058","13.9974794649604","19.580072812976"
"Early-demographic dividend","2019","11767656585558.1","2.40227091068419","3528.99645119156","11.858790397644","73.1268449838439","69.0189296487657","71.0147388840035","53.1980816720036","52.4887130063707","68.7776169548895","3.49000000953674","11.2473466499716","13.2002217844621","17.6210519495245"
"Early-demographic dividend","2020","10981013167791.7","-4.36828773942052","3254.22794317044","12.0393495559692","72.2882265841076","67.9416528791533","70.0286934138786","51.5469758176342","51.2711876592527","67.5195946337832","4.10250997543335","12.8253664393541","14.733875789025","19.1855299395356"
"Early-demographic dividend","2021","12771307369960.5","7.62136441675764","3743.85887403193","12.1569299697876","70.7449761741067","66.3772958444152","68.4660405919992","53.8312121277874","52.5383164506872","69.2468586124402","3.91850006580353","11.4349413981082","13.5346869133132","18.2709052116121"
"Early-demographic dividend","2022","14131148776107.2","5.58275972830056","4099.07591276369","12.3485298156738","71.546203057214","67.2367027313421","69.3164374718329","54.1502112012875","53.9000224473481","69.7257808001362","3.69249999523163","10.3214713565961","12.2727136282786","16.6275607040914"
"Early-demographic dividend","2023","14847823837515.2","4.04377851336302","4258.91763675723","..","..","..","..","..","..","..","..","..","..",".."
"East Asia & Pacific","2015","21995274219766.7","4.72838604064859","9586.05662481986","13.5170202255249","78.7656937259016","73.2890439440348","75.9487361156154","..","..","..","3.58360004425049","..","..",".."
"East Asia & Pacific","2016","22776012762509.5","4.65907989167707","9856.66562356527","13.5504503250122","78.988996791781","73.4479302456699","76.1378749593036","..","..","..","3.56997132301331","..","..",".."
"East Asia & Pacific","2017","24329094912610","5.05317448248172","10454.5358035249","13.6582002639771","79.1970677914572","73.4209155598871","76.212440060682","..","..","..","3.44199991226196","..","..",".."
"East Asia & Pacific","2018","26487859556590.8","4.75915481378036","11312.9085413924","13.7607898712158","79.4833214215468","73.8641950883165","76.593958850351","..","..","..","3.31080508232117","..","..",".."
"East Asia & Pacific","2019","27032494942206.6","3.96022191431953","11484.3410118407","13.936240196228","79.6592127603441","74.0865816628524","76.7976822848408","..","..","..","3.35599994659424","..","..",".."
"East Asia & Pacific","2020","27156482410418.4","-0.144692822272759","11487.8328132182","14.1365299224854","79.7001989352594","73.98920133138","76.7597016880244","..","..","..","3.61647820472717","..","..",".."
"East Asia & Pacific","2021","31148240510250.8","6.22113626390231","13141.5286612157","14.3766498565674","79.3284329259275","73.638871831937","76.3932950185842","..","..","..","3.32092177867889","..","..",".."
"East Asia & Pacific","2022","30663750183419.1","2.88602957954214","12909.9187395962","14.5601797103882","79.7140148726101","74.2200134208403","76.902046062456","..","..","..","3.40219378471375","..","..",".."
"East Asia & Pacific","2023","30775659199419.9","4.09517860393547","12927.6838082962","..","..","..","..","..","..","..","..","..","..",".."
"East Asia & Pacific (excluding high income)","2015","13323235973753","6.70715877038921","6499.96372015715","13.2787799835205","77.8819329651781","72.5196254402491","75.1230351733187","..","..","..","3.58360004425049","..","..",".."
"East Asia & Pacific (excluding high income)","2016","13614572556661.5","6.56471186911301","6592.51791291846","13.3182497024536","78.1232497163152","72.6809719991773","75.3218632190618","..","..","..","3.56997132301331","..","..",".."
"East Asia & Pacific (excluding high income)","2017","14881098135429.5","6.70769640336606","7151.27470673284","13.4421300888062","78.3404623444067","72.6288528507143","75.3859113160495","..","..","..","3.44199991226196","..","..",".."
"East Asia & Pacific (excluding high income)","2018","16640354816152.1","6.52499175086045","7944.75974327118","13.5804100036621","78.6532790000083","73.1094793982118","75.801433724838","..","..","..","3.24668502807617","..","..",".."
"East Asia & Pacific (excluding high income)","2019","17213215781553.2","5.7818918001209","8171.96552369406","13.7489500045776","78.8233530835638","73.330165921431","76.0020203002054","..","..","..","3.08500003814697","..","..",".."
"East Asia & Pacific (excluding high income)","2020","17487334631867.3","1.24692683762466","8262.92725428299","13.9698600769043","78.8433681071839","73.200460746774","75.9360246370322","..","..","..","3.53138744831085","..","..",".."
"East Asia & Pacific (excluding high income)","2021","20840018387172.9","7.60374970783415","9813.48481652444","14.2130098342896","78.4455413079626","72.8248512121054","75.5432912976843","..","..","..","3.01626002788544","..","..",".."
"East Asia & Pacific (excluding high income)","2022","21113809331055.5","3.41361786942464","9916.80434352001","14.416410446167","78.9512388518687","73.5324085412667","76.1785115827895","..","..","..","3.09819376468658","..","..",".."
"East Asia & Pacific (excluding high income)","2023","21150247849983.1","5.06852213671102","9912.69685076252","..","..","..","..","..","..","..","..","..","..",".."
"East Asia & Pacific (IDA & IBRD)","2015","13306887306272.5","6.70720095585358","6572.88955264077","13.2916803359985","77.9124395021896","72.5530107209891","75.1521464652061","..","..","..","3.58360004425049","..","..",".."
"East Asia & Pacific (IDA & IBRD)","2016","13597889126598.8","6.56457371022981","6666.30238489789","13.3301696777344","78.1567633841824","72.7149314812254","75.3531204811651","..","..","..","3.56997132301331","..","..",".."
"East Asia & Pacific (IDA & IBRD)","2017","14862823962899.4","6.70740565027259","7231.05858273787","13.4548997879028","78.3752143027379","72.6585373408103","75.4157333943935","..","..","..","3.44199991226196","..","..",".."
"East Asia & Pacific (IDA & IBRD)","2018","16619890220308.8","6.52484260710393","8033.20664789751","13.5937900543213","78.6918114284671","73.1430911282111","75.8356932818659","..","..","..","3.24668502807617","..","..",".."
"East Asia & Pacific (IDA & IBRD)","2019","17192020073785.4","5.78182085585361","8262.81763368418","13.764949798584","78.8630869923456","73.3626197875685","76.0366573507797","..","..","..","3.08500003814697","..","..",".."
"East Asia & Pacific (IDA & IBRD)","2020","17465773779184.1","1.24678181948383","8354.73673784021","13.9884700775146","78.8829596292157","73.2293684843614","75.9688903275997","..","..","..","3.53138744831085","..","..",".."
"East Asia & Pacific (IDA & IBRD)","2021","20814269278438.4","7.60341969056822","9922.57074410658","14.2355499267578","78.4798116222467","72.8488359782741","75.5711934120901","..","..","..","3.01626002788544","..","..",".."
"East Asia & Pacific (IDA & IBRD)","2022","21087707522778","3.41356550854968","10027.1765277205","14.4407997131348","78.986804740981","73.5632954189876","76.210674453839","..","..","..","3.09819376468658","..","..",".."
"East Asia & Pacific (IDA & IBRD)","2023","21124121301342.6","5.06844554937925","10023.2019952136","..","..","..","..","..","..","..","..","..","..",".."
"Euro area","2015","11727106023830.5","2.05440886774878","34118.3659418664","16.7513408660889","84.2407747296937","78.9353033520189","81.5187535513769","37.5363648556365","64.9441310910814","76.6764227421409","4.93930768966675","7.59275017771251","8.85409395607415","10.1364011905883"
"Euro area","2016","12025904489799.8","1.86578632128172","34889.6717204536","16.7196006774902","84.6478952272658","79.3085194692434","81.9086902798181","37.2648821438816","65.0798292084105","76.8176393963619","4.8159499168396","6.59950047943224","7.89375985609032","9.17540224940841"
"Euro area","2017","12736901061170","2.62860957024193","36878.9370566652","16.8424797058105","84.5235672125912","79.3815682078927","81.8854775039638","37.4381497469882","64.4813004648654","76.5440012489508","4.82618498802186","5.85453478353332","7.06483686458006","8.27469374613661"
"Euro area","2018","13761117139592.9","1.78893526039165","39754.4354659311","16.9278106689453","84.6451476851302","79.4982670718248","82.0045418889234","37.1211477961639","64.2119924828927","76.4843884589477","4.80485987663269","5.28397423798507","6.33487854029723","7.41907665220848"
"Euro area","2019","13481146122147.1","1.5904260702233","38904.6070562194","16.9774894714355","84.8964817806019","79.8000236838375","82.281962811136","37.0211759037617","64.0170117369198","76.5569173932513","4.76325511932373","5.09143143819477","5.98488983887637","6.92534846621687"
"Euro area","2020","13155164142399.1","-6.11006917047806","37915.3833633908","17.0064792633057","84.1604627755353","78.9616299402231","81.4934312334359","36.0361027395036","61.9739310007907","75.5874546274247","5.14319491386414","5.55854940633214","6.3042466668372","7.06049490741691"
"Euro area","2021","14754625131073.3","5.96333641598549","42527.524210531","17.1420097351074","84.2980236330049","79.0283508526873","81.5949469717165","36.4753700222843","62.5213296020461","76.2870381681342","5.00500011444091","5.30470221629262","6.02389660979698","6.78795606334343"
"Euro area","2022","14224347000135.6","3.42612123895194","40835.654761862","17.1448402404785","84.2746580616305","79.2577518757886","81.7013841071642","37.4111148127406","63.0680000244311","76.5962042117411","..","4.54452485347694","5.09618216801438","5.66613118203713"
"Euro area","2023","15544858680873.8","0.446837045901361","44368.5755448892","..","..","..","..","37.8611718173543","62.9626298796046","76.667884091952","..","4.25761382504597","4.89486781301016","5.58722632194928"
"Europe & Central Asia","2015","20481460301210.5","2.0581470448719","22579.1836978638","15.777850151062","80.6190535073082","74.0299287588026","77.2288167304908","38.8966429958684","67.1088046973205","76.6102803791884","4.90953016281128","7.26093150858135","8.20997844922043","9.23784171399088"
"Europe & Central Asia","2016","20408605606979.3","1.89982163138352","22398.149896359","15.8143901824951","80.9418139798926","74.3725534550593","77.5626794340073","38.3181816185696","67.0315046470063","76.746237096814","4.8159499168396","6.88570476462483","7.71850247625929","8.75546202814458"
"Europe & Central Asia","2017","21652842504644.6","2.90872250204244","23670.8127114864","15.8473501205444","81.0546048431435","74.6695943862636","77.7731288262557","38.1999874752638","64.6048725318716","75.8659986983925","4.7352249622345","6.35007829762501","7.21826810471681","8.2479045504285"
"Europe & Central Asia","2018","23188735732226.2","2.13444056000746","25255.0647194697","15.9849100112915","81.1846832979456","74.8040893677038","77.9065124477291","38.3547739237844","66.2065672493647","75.9104693978505","4.67667984962464","5.95322918861417","6.77378455498323","7.7189983668521"
"Europe & Central Asia","2019","22908223277507.4","1.80525623034259","24867.4720139645","16.0306797027588","81.4302749253401","75.1028288426676","78.1805069857389","38.0763102757441","65.5541811566403","75.7734914798198","4.63002014160156","5.97410915059425","6.84546495990185","7.79781208175959"
"Europe & Central Asia","2020","22156549343244.9","-5.46244371164977","23994.9286739351","16.0321502685547","80.2717041778933","73.8316402651355","76.9524881251755","36.1088279493781","63.8312768843536","74.8111120293119","4.86960005760193","6.2617365709493","6.81143494450088","7.33809478750644"
"Europe & Central Asia","2021","25331394418403.8","6.52385192111231","27409.9227679737","16.163990020752","79.8617806910097","73.6552889707907","76.6664237901787","37.2165239213505","64.3523244849119","75.4524848810937","4.96000003814697","5.80402741407411","6.59099855708479","7.40593092406074"
"Europe & Central Asia","2022","25389267749916","3.15749866416037","27567.4143997687","16.1806793212891","81.0588801448828","74.7960734645677","77.8413187004759","37.2616620125984","63.3925564500217","78.797586434001","..","4.67028786151509","5.38427440403633","6.16713788674222"
"Europe & Central Asia","2023","27240628835585.3","0.964032941751626","29483.4414501406","..","..","..","..","37.5654525172532","63.3154739470376","78.8920383268962","..","4.09055173244047","4.91696515040917","5.85008797467594"
"Europe & Central Asia (excluding high income)","2015","1507646946545.93","3.58755229325712","6312.15034167041","14.8201198577881","76.9931324855417","69.8190399776906","73.3478435346401","..","..","..","4.55485486984253","10.1716977998086","11.8221288172082","13.9758673278359"
"Europe & Central Asia (excluding high income)","2016","1447395306947.53","2.78533413629492","6006.36708907309","14.9129104614258","77.2027891379887","70.0329614591184","73.5601177546349","35.8299521783572","60.4119244961683","76.385382393016","4.62773990631104","10.3479909018799","11.3730166993235","13.5694848638796"
"Europe & Central Asia (excluding high income)","2017","1485108260761.97","5.82147037918305","6111.39433717826","14.9191904067993","77.478614623269","70.431248778111","73.906206920089","..","54.0794527413877","76.8760999439781","4.32368993759155","9.43945313677018","10.8258731523387","12.9336665611016"
"Europe & Central Asia (excluding high income)","2018","1459981302399.66","3.5134921058027","5957.82642405214","15.2209501266479","77.6680073484264","70.6309388224025","74.1037358766071","43.2760612870459","64.1934536035121","76.6755618838558","4.30003976821899","9.10560348819807","10.6325605971156","12.7556630789064"
"Europe & Central Asia (excluding high income)","2019","1488770219744.96","2.24722492786316","6022.63238606854","15.3078098297119","77.8716063523131","70.878011034291","74.3314248375679","..","..","..","4.1851350069046","9.19903222384395","11.1167581919007","13.4930224934436"
"Europe & Central Asia (excluding high income)","2020","1428327223229.53","0.321073682012468","5738.25499247106","15.3025598526001","76.3088783535185","69.2117127980122","72.6714543269783","33.8733107792063","59.2201284871758","72.7371468544473","4.44600009918213","8.94862487734555","10.0212412177511","11.1131779119452"
"Europe & Central Asia (excluding high income)","2021","1659440839146.7","9.00036510298978","6620.20379563516","15.3933401107788","76.074215133414","69.2690866500877","72.5931250210647","..","..","..","4.38600015640259","8.662180905155","10.5789009036895","12.7332255077712"
"Europe & Central Asia (excluding high income)","2022","1803038234535.2","3.07761568064204","7302.23861126112","15.4053897857666","77.571300031632","70.7201129149399","74.1065139397942","..","..","..","4.69618535041809","..","..",".."
"Europe & Central Asia (excluding high income)","2023","2098349713814.25","4.60658952923629","8479.05683108165","..","..","..","..","..","..","..","..","..","..",".."
"Europe & Central Asia (IDA & IBRD)","2015","3627947465522.13","1.48815723386977","8014.50415079485","14.9041299819946","77.4032571942816","69.0600824477918","73.1256308117884","34.2790579577857","67.1369760598653","74.7181596969847","4.32219982147217","7.79787190853691","8.5921760749094","9.52706383006606"
"Europe & Central Asia (IDA & IBRD)","2016","3486198200219.98","1.8525064629824","7662.53290925723","14.9698801040649","77.6875815223443","69.4032472878417","73.4417908832798","33.372430407248","66.8900911563959","74.9373271357837","4.29491496086121","7.96707968895418","8.51383181995289","9.52224805512983"
"Europe & Central Asia (IDA & IBRD)","2017","3909728235465.93","4.29253214633275","8554.01109678491","14.9722299575806","77.9971651274314","69.9302676050766","73.8687404688136","32.0720356724002","61.8816625378403","73.2251784545175","4.1994800567627","7.48749701483818","8.21539759203448","9.286983091303"
"Europe & Central Asia (IDA & IBRD)","2018","4077637180273.38","3.69471936803782","8883.5015112008","15.240779876709","78.1602986540731","70.1019360842617","74.0382839699586","33.3261404802253","65.7216827845237","73.2777418347751","4.17266488075256","7.1988457490976","8.04079541119448","9.13196242408657"
"Europe & Central Asia (IDA & IBRD)","2019","4159709661061.93","2.65714284041665","9022.69589831855","15.3152904510498","78.4124124098163","70.4350611381517","74.333622434176","32.6041525577666","64.4106921504284","72.7656411645587","3.95437002182007","7.36426691954722","8.50252793388949","9.81288518569574"
"Europe & Central Asia (IDA & IBRD)","2020","3900798423599.77","-1.46289536902678","8437.72850580865","15.3093996047974","76.8455287162487","68.7667443808461","72.6915981615403","29.7147583716644","62.5347700345812","71.5988906867654","4.44021010398865","7.40964538301261","7.98662679132389","8.48554300356525"
"Europe & Central Asia (IDA & IBRD)","2021","4623633114358.75","7.38646816523473","9985.47709265927","15.3985900878906","75.8923291438108","68.3373147515309","72.0127517076026","31.8203533273358","63.649677555132","72.2084789661845","4.38600015640259","6.85472489765788","7.98371140096966","9.16138408087082"
"Europe & Central Asia (IDA & IBRD)","2022","5220065561112.42","1.767977505166","11413.9150111898","15.4091901779175","78.0389199552483","70.0522017745205","73.9544949376725","31.667325993928","61.4362010772836","79.4738526276464","4.69618535041809","5.42073761372168","6.56697817547387","7.92049362833411"
"Europe & Central Asia (IDA & IBRD)","2023","5466276097557.08","3.44498020551657","11952.6880645648","..","..","..","..","31.9055206192089","61.3633120337453","79.4804532433604","..","4.26824155332142","5.67409884968747","7.36985271745386"
"European Union","2015","13553897260141","2.30937774489288","30487.6523692732","16.6016101837158","83.4589830039733","77.8275364082164","80.5684394242096","37.4963830291975","64.5593721553622","77.2738194528458","4.90953016281128","6.93074167325863","8.03778530141007","9.17091488366214"
"European Union","2016","13888833465037.9","1.97230777572166","31174.7535083936","16.5571899414062","83.8632892775631","78.1902182462582","80.9512974807301","37.1952956268916","64.6457586348392","77.4036191195494","4.79266977310181","6.05535854663489","7.20165839490121","8.36271422487735"
"European Union","2017","14765880176508.2","2.84476536928575","33091.3890251906","16.6651401519775","83.7439316508713","78.258909132863","80.9282086468659","37.4086352936491","64.2612140871125","77.2109714487613","4.64757013320923","5.4024573872569","6.46282663330347","7.55212646962925"
"European Union","2018","15981445869808.9","2.06690196954229","35752.5873421988","16.7089004516602","83.8531292133199","78.3514668482028","81.0287289990803","37.1199575853966","63.9824235035892","77.1944522823302","4.62343978881836","4.89597003088573","5.82117289532728","6.80471252905553"
"European Union","2019","15694050310523.1","1.80531197138112","35080.9147971764","16.7237892150879","84.1090622873377","78.6659054050384","81.3148579639404","37.1374224095005","63.7619495769735","77.2671997598019","4.63002014160156","4.71239022920534","5.50885685216882","6.35907613261284"
"European Union","2020","15381418584246.1","-5.65285689951504","34357.1199881912","16.7412204742432","83.3178735037228","77.7331728832109","80.4508691329259","36.3099473446442","62.0478278792345","76.3853878807811","4.87656021118164","5.13843060829205","5.80119507150134","6.48649646483255"
"European Union","2021","17315127119106.5","6.00872929242561","38720.8751728955","16.87087059021","83.191270694054","77.5914466914316","80.3166132259756","36.117584160769","62.2951834590385","77.0033907526927","5.01000022888184","4.87294870886987","5.50822102259157","6.19789136032589"
"European Union","2022","16761496590765.2","3.47865373531921","37466.6963511535","16.8660297393799","83.5633954164758","78.1851467079315","80.8026211073853","36.982528987611","62.7523972154887","77.3417921045807","..","4.15602988759705","4.63788161547809","5.15780699553459"
"European Union","2023","18349388450765.6","0.450652377532009","40823.8762634762","..","..","..","..","37.3449086631768","62.597453327497","77.3654977562563","..","3.89754882577876","4.47054334723035","5.10118034571197"
"Fragile and conflict affected situations","2015","1617323277101.47","1.07053760946113","1845.31230428842","..","63.1747354289717","58.9517151858427","61.0144636434117","..","..","..","3.67008996009827","..","..",".."
"Fragile and conflict affected situations","2016","1490633651211.68","2.16715558337386","1663.08517085287","..","63.515116957612","59.177420085258","61.2923803606297","..","..","..","3.09477996826172","..","..",".."
"Fragile and conflict affected situations","2017","1549712150984.09","2.5433347260378","1690.94404160881","..","63.8935088316281","59.526565425048","61.6570844120365","..","..","..","3.78976988792419","..","..",".."
"Fragile and conflict affected situations","2018","1735183810120.25","2.72015847064731","1852.26631004128","..","64.226865103263","59.8236347881128","61.9720515279674","..","..","..","3.0132200717926","..","..",".."
"Fragile and conflict affected situations","2019","1842154935322.18","2.52349885724942","1923.17068917178","..","64.4938059010748","60.1420660000699","62.2697807430552","..","..","..","3.5405249595642","..","..",".."
"Fragile and conflict affected situations","2020","1690930063237.89","-6.35338636086044","1725.7217597946","..","64.0472891323294","59.5877211794922","61.7624869876376","..","..","..","..","..","..",".."
"Fragile and conflict affected situations","2021","1796274437015.52","4.56899423218873","1792.92066416628","..","63.5917608872483","59.0394397115416","61.2532657354491","..","..","..","..","..","..",".."
"Fragile and conflict affected situations","2022","1950006457159.66","1.46339696745457","1913.3742283108","..","64.1188436744275","59.5838558982226","61.7925883005562","..","..","..","..","..","..",".."
"Fragile and conflict affected situations","2023","1906801170087.86","1.63334399584217","1828.70835941923","..","..","..","..","..","..","..","..","..","..",".."
"Heavily indebted poor countries (HIPC)","2015","667302120360.803","4.81618711096149","917.721459685355","9.04092979431152","63.6386672772648","59.6232811331448","61.6125477293904","..","..","..","3.57060992717743","..","..",".."
"Heavily indebted poor countries (HIPC)","2016","674512464051.689","4.44296838242349","901.324893112879","9.10249996185303","64.2490089798582","60.1156477598897","62.1619619402239","..","..","..","3.18867993354797","..","..",".."
"Heavily indebted poor countries (HIPC)","2017","724757996634.928","5.00347347755732","940.767399878295","9.16862964630127","64.6444946716711","60.4941834042859","62.5497604688077","..","..","..","3.63261497020722","..","..",".."
"Heavily indebted poor countries (HIPC)","2018","774607047567.848","4.19327692653373","977.279226207199","9.26723957061768","65.1210692416102","60.8193454328776","62.9475759474084","..","..","..","3.39011991024017","..","..",".."
"Heavily indebted poor countries (HIPC)","2019","803355942387.056","4.42098571652352","985.590876409076","..","65.5502310085652","61.171508576006","63.3380569471644","..","..","..","3.48333501815795","..","..",".."
"Heavily indebted poor countries (HIPC)","2020","811360288084.988","0.236251143945921","968.133367537043","..","65.0434797953821","60.5506923912996","62.7617201814617","..","..","..","3.5992249250412","..","..",".."
"Heavily indebted poor countries (HIPC)","2021","902263213997.82","4.19513247848164","1047.734015017","..","64.6772100830396","60.0161208871809","62.3027853999622","..","..","..","3.39587998390197","..","..",".."
"Heavily indebted poor countries (HIPC)","2022","981675388899.477","4.79636099899177","1110.1304329994","..","65.1996795260651","60.5628452633688","62.8432462611607","..","..","..","3.22449994087219","..","..",".."
"Heavily indebted poor countries (HIPC)","2023","1130472157492.99","4.41181392961016","1245.01965554275","..","..","..","..","..","..","..","..","..","..",".."
"High income","2015","49773105280474.1","2.32552627513027","36482.9965260467","16.4869594573975","82.4457407082381","76.7039407152852","79.4667073077168","40.9542392362757","64.0516794318314","76.1090037025429","4.88554000854492","5.27460688411367","5.86540804780375","6.50449760095718"
"High income","2016","50737236574099.6","1.8330409085689","36993.533269398","16.484130859375","82.6396998123272","76.8986279706365","79.6611923316402","40.8194576533551","63.9826184061217","76.128368702612","4.79266977310181","4.83523762818595","5.42107086317393","6.08307836395381"
"High income","2017","53336788717601.6","2.47631841025758","38707.9315420479","16.5190391540527","82.7019948845243","77.0728482888071","79.7827279432975","40.7476943623393","63.2353393043881","75.5786282676485","4.68990993499756","4.36979034702262","5.06602326337206","6.18756527156688"
"High income","2018","56684556889445.8","2.36999444408524","40958.3706534705","16.4803791046143","82.8041801385693","77.1805566587683","79.8872244357968","40.5493028046307","63.0325986612195","75.5407711803173","4.64929986000061","4.0415288794288","4.71097736255141","5.84788389898578"
"High income","2019","57218295248360.4","1.84582706522258","41188.7704617624","16.5253505706787","83.0380333981156","77.4255063349062","80.1270377077866","40.5797950787293","62.7502675605213","75.7213172227313","4.66005516052246","3.87721317054098","4.46505265282466","5.63496042941891"
"High income","2020","55791128824226.2","-3.91466926056485","40023.7382985043","16.5164699554443","82.1660939035753","76.3190294567103","79.1332543709208","39.4308305401642","61.3665265267968","74.8261678675241","4.86460518836975","5.13543912225793","5.72467272985093","6.74733247149589"
"High income","2021","62461025675219.6","5.58436815582274","44840.3585005322","16.5525493621826","81.7723440215323","76.0147740377251","78.7883989599385","40.072324712498","62.2643552133086","74.7604399404274","4.96000003814697","4.40223026246064","4.87454482429976","5.83493358946914"
"High income","2022","64444446480056.6","2.64158610536651","46165.6150408536","16.5778102874756","82.4354947175251","76.7803225025768","79.5021131471029","40.245888300047","61.854353812009","76.6019214349953","..","3.40276438743517","3.8594133364767","4.76413379663678"
"High income","2023","67653743404264.1","1.64416034202542","48220.0331638568","..","..","..","..","41.0049991604892","61.907956226322","76.7501349226568","..","3.28477930456447","3.68222223410255","4.45777310530007"
"IBRD only","2015","25838353087075.7","4.40453094782347","5541.33759395986","13.1387996673584","75.7284080204408","70.7336543980942","73.1540007584261","..","..","..","4.26428484916687","..","..",".."
"IBRD only","2016","26027770587219.1","4.55662192021697","5528.04543069571","13.2984199523926","76.0225687631755","70.9776361215575","73.4213080439374","..","..","..","4.17199993133545","..","..",".."
"IBRD only","2017","28745223958869","5.24165035492055","6048.21917294317","13.3037796020508","76.2870223689169","71.1659407984682","73.6432107719087","..","..","..","4.07527017593384","..","..",".."
"IBRD only","2018","30579316565085.1","4.93566542257318","6378.53885411053","13.1885795593262","76.5386004662979","71.4842672524427","73.9359811080562","..","..","..","3.99699997901917","..","..",".."
"IBRD only","2019","31246593993598.4","3.98398105981117","6465.81328082011","13.2577600479126","76.7314954787155","71.680592353848","74.1322283571087","..","..","..","3.8970000743866","..","..",".."
"IBRD only","2020","30103859045527.8","-1.4012044301338","6185.51925977404","13.4933795928955","76.1326723606191","70.8268011858182","73.382338481379","..","..","..","4.34224486351013","..","..",".."
"IBRD only","2021","35740404315658.1","7.62848296591747","7301.908085568","13.6933498382568","74.8578819112349","69.631856620271","72.1418529500945","51.3403247864145","56.8213254766578","70.7216756907031","3.88100004196167","10.7668163078254","12.0576561140995","14.0386524205457"
"IBRD only","2022","37733201523901.4","3.6016886245835","7681.29525722277","13.9425001144409","75.5641237370072","70.4650746326166","72.9350464590903","..","..","..","3.64703989028931","..","..",".."
"IBRD only","2023","38733043068564.9","4.44755675822329","7845.38536226529","..","..","..","..","..","..","..","..","..","..",".."
"IDA & IBRD total","2015","27987288576613.1","4.32675343024572","4484.4893837025","11.6470098495483","72.9489542745355","68.2375741119066","70.5236790616851","..","..","..","3.8869400024414","..","..",".."
"IDA & IBRD total","2016","28169507573194.1","4.45496451944591","4456.76020150655","11.748330116272","73.2476591290598","68.50223335255","70.8052133964315","..","..","..","3.81920492649079","..","..",".."
"IDA & IBRD total","2017","30960119365364","5.14241842009484","4837.06302141945","11.7520399093628","73.5264699382735","68.7040031428435","71.0422877811609","..","..","..","3.78976988792419","..","..",".."
"IDA & IBRD total","2018","32964096579686","4.89001452039273","5088.01277247711","11.7350902557373","73.7690785092658","69.0044849029311","71.3213944245514","..","..","..","3.71392011642456","..","..",".."
"IDA & IBRD total","2019","33722356189565.9","3.9791190559074","5144.37243935275","11.8017997741699","73.9767757081048","69.2021892468549","71.5254383692497","..","..","..","3.6067349910736","..","..",".."
"IDA & IBRD total","2020","32528587315534.1","-1.35543501142301","4907.28699204586","11.9697704315186","73.395063340744","68.415648066088","70.8217187712498","..","..","..","4.09100008010864","..","..",".."
"IDA & IBRD total","2021","38378968351134.2","7.38665926475153","5731.30618464805","12.0582704544067","72.3485080094784","67.4069736116557","69.7899671680861","..","..","..","3.69673001766205","..","..",".."
"IDA & IBRD total","2022","40566997900554.3","3.65354606149431","6006.27309700773","12.2045402526855","73.0157153527658","68.1477080020459","70.511910539194","..","..","..","3.57999992370605","..","..",".."
"IDA & IBRD total","2023","41559721641424.8","4.36322119501504","6094.02389348234","..","..","..","..","..","..","..","..","..","..",".."
"IDA blend","2015","1054056007822.38","3.74047100367632","1993.78936181267","8.48744964599609","62.0132846977366","58.8199779350323","60.3574818379658","..","..","..","5.04925012588501","..","..",".."
"IDA blend","2016","984095717018.772","2.08732977261732","1826.22694665161","8.42945957183838","62.12662286522","59.1036571678094","60.5640802440301","47.6818979787246","56.3012102954286","65.3046955248397","5.41499996185303","8.11114078256413","10.3498924849767","14.0976201711835"
"IDA blend","2017","967437544352.281","2.55579179719419","1760.54249485162","8.39723968505859","62.551813927584","59.316106482402","60.8795193391655","..","..","..","4.96308994293213","..","..",".."
"IDA blend","2018","1056914447272.39","3.84829204032468","1884.99739961197","8.50590991973877","62.7209033113047","59.5433356691015","61.0824741753045","..","..","..","3.03096008300781","..","..",".."
"IDA blend","2019","1077750148722.68","2.77073135741782","1883.54621067899","8.711350440979","62.921453053157","59.8396806767612","61.3385640483831","53.6715255526114","58.1677568828579","71.3614317429472","3.86800003051758","9.58277043435791","13.3437706650122","21.1192095313569"
"IDA blend","2020","1009467966729.65","-1.41574291758334","1727.91170329901","8.78660011291504","62.7722419720463","59.3650570770315","61.0116407687852","..","..","..","4.61899995803833","..","..",".."
"IDA blend","2021","1104603036389.8","5.16429410899273","1851.4710158931","..","62.4345146256622","59.0412909432014","60.6795925382356","..","..","..","3.32449996471405","..","..",".."
"IDA blend","2022","1183656384165.71","4.2154910324581","1942.51277029827","..","63.0021107732795","59.6664195320413","61.2838224440537","..","..","..","..","..","..",".."
"IDA blend","2023","1044015231915.96","2.52625690149301","1676.98958404833","..","..","..","..","..","..","..","..","..","..",".."
"IDA only","2015","1093640032209.07","3.09222401192028","1042.15535457657","9.28501033782959","66.2243297932359","61.782542107593","63.9578892057894","..","..","..","3.39406490325927","..","..",".."
"IDA only","2016","1156608800300.87","4.35951929288596","1077.4759697027","9.37975025177002","66.7782892959639","62.2517176272975","64.471642932639","..","..","..","3.25593495368958","..","..",".."
"IDA only","2017","1247733925328.46","5.25609876832121","1135.9391535687","9.44151973724365","67.1938425203167","62.63612064157","64.872728648715","..","..","..","3.53362989425659","..","..",".."
"IDA only","2018","1327890357838.68","4.7775026978655","1181.41399480963","9.58798027038574","67.5902023389682","63.0338532825077","65.277193059858","..","..","..","3.457279920578","..","..",".."
"IDA only","2019","1397670771530.98","4.96526418580667","1214.9263173816","9.67331027984619","68.0248951340772","63.3342539391448","65.6417933972898","..","..","..","3.44067001342773","..","..",".."
"IDA only","2020","1414559582470.64","-0.237845290364646","1201.23401871581","..","67.4704398097596","62.8327925430955","65.1059048304073","..","..","..","3.40899991989136","..","..",".."
"IDA only","2021","1535389926749.6","3.78918249767895","1274.07782915018","..","67.1679415857136","62.4170676855609","64.7477851426933","..","..","..","3.37276005744934","..","..",".."
"IDA only","2022","1651361994353.62","4.39591712669399","1339.94195382428","..","67.9097706071913","63.0083200586005","65.4160744865148","..","..","..","3.37885999679566","..","..",".."
"IDA only","2023","1786070910237.13","3.99814825826024","1417.34865873319","..","..","..","..","..","..","..","..","..","..",".."
"IDA total","2015","2147696040031.45","3.40935816047579","1360.96217666755","9.01340007781982","64.8284042417827","60.7796362776882","62.7517170614137","..","..","..","3.54653990268707","..","..",".."
"IDA total","2016","2140704517319.64","3.24436380993637","1327.72429067074","9.05547046661377","65.2384870933062","61.1894939806135","63.1656533152546","..","..","..","3.43478989601135","..","..",".."
"IDA total","2017","2215171469680.75","3.94568182094561","1344.21682075242","9.08493041992188","65.6595063546985","61.5193219425699","63.5411694581077","..","..","..","3.63261497020722","..","..",".."
"IDA total","2018","2384804805111.07","4.33260077222064","1415.58155009747","9.21897029876709","65.9828942826466","61.8625848406275","63.8811011969586","..","..","..","3.39011991024017","..","..",".."
"IDA total","2019","2475420920253.66","3.91940910668565","1437.01918707643","9.34636974334717","66.3429052740294","62.1644145902318","64.212406439716","..","..","..","3.48600006103516","..","..",".."
"IDA total","2020","2424027549200.29","-0.79299453521206","1375.88014891477","9.42965984344482","65.924117902692","61.6743083011667","63.7482483446558","..","..","..","3.72472500801087","..","..",".."
"IDA total","2021","2639992963139.39","4.43321143726286","1465.2729133797","..","65.6117721819941","61.2911950153777","63.400664245651","..","..","..","3.37276005744934","..","..",".."
"IDA total","2022","2835003428054.01","4.31029853089058","1539.29371688164","..","66.2975338801586","61.8948300672431","64.0489235208186","..","..","..","3.37885999679566","..","..",".."
"IDA total","2023","2828041013610.35","3.29631108462732","1502.11784608836","..","..","..","..","..","..","..","..","..","..",".."
"Late-demographic dividend","2015","18550881244486","4.69985991310821","8212.74329215127","13.8761796951294","79.1749846739898","73.0586759572623","76.0118482748951","..","..","..","4.47038984298706","..","..",".."
"Late-demographic dividend","2016","18593573738109.3","4.4722484999854","8180.74109097909","13.9166898727417","79.4615642773146","73.266451044335","76.256769207447","..","..","..","4.2590000629425","..","..",".."
"Late-demographic dividend","2017","20631078375844.2","5.30401396529471","9020.04276617454","13.9968700408936","79.7012065661061","73.3312029685913","76.3981391445548","..","..","..","4.25149989128113","..","..",".."
"Late-demographic dividend","2018","22623622462864.8","5.42417140935132","9837.55232050728","14.1511697769165","79.9607358306269","73.77774592454","76.7690000221466","..","..","..","4.13199996948242","..","..",".."
"Late-demographic dividend","2019","23050208314364","4.65099889123923","9976.98358578555","14.3141403198242","80.1480309544762","74.0232409624771","76.99116877036","..","..","..","3.94811999797821","..","..",".."
"Late-demographic dividend","2020","22531183291578.3","0.199854474511071","9719.11873198067","14.5341396331787","79.9899716999513","73.6678949514656","76.7204017296842","..","..","..","4.48300004005432","..","..",".."
"Late-demographic dividend","2021","26872794398412","7.44958400150686","11567.2202575024","14.7735204696655","79.5439792068599","73.4017054433508","76.3678172256091","..","..","..","3.98000001907349","..","..",".."
"Late-demographic dividend","2022","28062557325965.1","3.17751274112688","12068.2132845942","14.9585800170898","80.2033348790335","74.1591433334319","77.0981546763765","..","..","..","..","..","..",".."
"Late-demographic dividend","2023","28341396914858.3","4.18995021181887","12180.2442197888","..","..","..","..","..","..","..","..","..","..",".."
"Latin America & Caribbean","2015","5418289197382.29","0.407853687760664","8719.62575346093","14.4577903747559","77.716388906227","71.5611072034826","74.6119695820582","61.9659252208031","72.717650066092","81.751144593573","4.47038984298706","4.83103174563299","5.69905425528245","6.54209625384845"
"Latin America & Caribbean","2016","5283310849435.27","-0.334793597648641","8417.3721092089","14.5754804611206","77.7667162763123","71.4621405716253","74.579229732785","56.1289010979739","70.5864837198462","81.1298608839403","4.36420011520386","5.61023273061853","6.48869942601981","7.32486949236911"
"Latin America & Caribbean","2017","5866482345855.61","1.88982523332572","9256.11626423804","14.6111402511597","77.8311356725554","71.684746624652","74.7334925844235","55.9678505869853","70.3808911545906","80.9379184543291","4.46804499626159","5.40463134694021","6.60501997632073","7.70985676567491"
"Latin America & Caribbean","2018","5742638741431.28","1.57170629806997","8978.11590246576","14.6609897613525","77.9754046049822","71.7798986893433","74.8514979250988","55.2949048372933","70.6111991532114","81.0263655024718","4.46154999732972","5.42612579853329","6.59997715762214","7.67663096053889"
"Latin America & Caribbean","2019","5659965575492.01","0.718740959001622","8771.14453844381","14.6885099411011","78.1753096310993","71.9542848752468","75.0383482586595","55.0317553736029","71.00495156396","81.0174356124316","4.55534505844117","5.41945315787319","6.65171271564957","7.78561834182665"
"Latin America & Caribbean","2020","4804924789054.88","-6.64924567289505","7386.13505696924","14.6992597579956","76.5963131083609","69.6700321211445","73.0384695124212","48.688000827601","65.5635486424007","77.7002623575084","4.56253480911255","6.37582045091463","7.20952922468912","8.06114115916355"
"Latin America & Caribbean","2021","5578001135446.18","6.99679192745977","8516.30960050376","14.7379302978516","75.7006440475312","68.8040106136205","72.1484550673245","52.5240736935035","69.2573050521225","79.3263371425729","3.97350001335144","6.75475643513381","7.97514187654553","9.17048548005192"
"Latin America & Caribbean","2022","6341680448313.76","3.98793094722834","9618.70743198645","14.7343301773071","76.9303649828093","70.6491269881801","73.7525685276011","52.6332876929561","69.9627663966392","80.4908403143676","3.89409995079041","4.67221859624925","5.62850727996085","6.51844933756572"
"Latin America & Caribbean","2023","7094329636592.51","2.1530839544738","10681.7330935615","..","..","..","..","52.268735208656","69.8954992496329","81.0072892683934","..","4.32073285125723","5.0525422539133","5.73667699335854"
"Latin America & Caribbean (excluding high income)","2015","4634564315170.45","0.292573684049671","8297.30225777455","14.4086799621582","77.5188364136865","71.4741235293239","74.4722652708847","62.7224834697319","73.0449785579314","81.7467193423734","4.99870014190674","4.87829819598949","5.78344742080519","6.65892927370401"
"Latin America & Caribbean (excluding high income)","2016","4496975505130.54","-0.483657124690296","7968.02217920097","14.5606498718262","77.5895219152294","71.4144012704639","74.4717518016337","56.3771191961793","71.1156303952544","81.7036679879934","4.47721004486084","5.62796143382406","6.58121804153627","7.48040836968434"
"Latin America & Caribbean (excluding high income)","2017","5012883307321.98","2.01747161889023","8788.65434317749","14.615460395813","77.6934387049483","71.6341563650007","74.6428227846937","55.7726590940465","70.6435269681026","81.1339438635837","4.52686500549316","5.39631465224312","6.66043194517102","7.81540627390272"
"Latin America & Caribbean (excluding high income)","2018","4870399271215.6","1.56534077715564","8446.45505331899","14.6528701782227","77.8376911528529","71.7491756219769","74.771981077437","55.4394541083821","70.6390387966535","80.8578696461072","4.46154999732972","5.38946812245979","6.6078140701278","7.72270693463764"
"Latin America & Caribbean (excluding high income)","2019","4804547155275.13","0.665471963458231","8245.29566055528","14.6639995574951","78.0487616715669","71.919934875767","74.9619968743059","55.2190473680917","71.0692588174729","80.8520322454928","4.55534505844117","5.39944603553814","6.68972009382576","7.87259964969233"
"Latin America & Caribbean (excluding high income)","2020","4046822646872.37","-6.54268614832709","6882.22060784085","14.6659097671509","76.3643371379894","69.4976567303079","72.8363033190349","48.9633301868046","65.7017606062542","77.5570169204844","4.60385990142823","6.17129770905709","7.04145338817165","7.92369061046937"
"Latin America & Caribbean (excluding high income)","2021","4690738841614.13","6.8144664615359","7916.81292030137","14.6716899871826","75.4387418058245","68.5846960898502","71.907356144081","52.9165517110991","69.5401097704426","79.2011231270204","3.97350001335144","6.71908445134473","7.98679093716795","9.21615030086994"
"Latin America & Caribbean (excluding high income)","2022","5389510951677.69","3.87705264535334","9033.75537958903","14.6544198989868","76.7420485862062","70.5488543078417","73.6124458798336","52.8780773952826","70.1358747891728","80.3627318617633","3.91705000400543","4.60807987564217","5.5893775552257","6.50172116201095"
"Latin America & Caribbean (excluding high income)","2023","6050580948759.95","2.15125654423696","10070.4433755923","..","..","..","..","52.4375812043761","70.0116201249469","80.8311465085126","..","4.19281859113723","4.96980159599357","5.69269135683272"
"Latin America & Caribbean (IDA & IBRD)","2015","5194835549016.91","0.366253546005808","8577.804211342","14.4522695541382","77.6337336218994","71.4625458319867","74.5221420460803","62.1868204271842","72.8974808361657","81.8597230899208","4.4616949558258","4.83103174563299","5.69905425528245","6.54209625384845"
"Latin America & Caribbean (IDA & IBRD)","2016","5053700630074.01","-0.336265482915181","8258.39951873525","14.5758304595947","77.6831699325618","71.3637610094549","74.4890300491822","56.1289010979738","70.5864837198462","81.1298608839402","4.36360001564026","5.61023273061853","6.48869942601981","7.32486949236911"
"Latin America & Caribbean (IDA & IBRD)","2017","5631949735822.71","1.99124100567356","9110.90175054244","14.6096296310425","77.7588601516787","71.600742991402","74.6563796984316","55.9678505869853","70.3808911545906","80.9379184543291","4.46804499626159","5.40463134694021","6.60501997632073","7.70985676567491"
"Latin America & Caribbean (IDA & IBRD)","2018","5506072829643.66","1.67447248999927","8822.12438662919","14.6587295532227","77.9037600314016","71.7009995505624","74.7775148407287","55.2949048372933","70.6111991532114","81.0263655024718","4.46154999732972","5.42612579853329","6.59997715762214","7.67663096053889"
"Latin America & Caribbean (IDA & IBRD)","2019","5413987316641.17","0.717567356400423","8596.41766087618","14.6851301193237","78.1151509964335","71.8815210063691","74.9728405763696","55.0377307067036","70.9954116578708","81.0114881548076","4.51069021224976","5.42236209552537","6.65511651129943","7.78956822176817"
"Latin America & Caribbean (IDA & IBRD)","2020","4561296585538.66","-6.56698628427809","7183.58454333269","14.6954898834229","76.4981438346468","69.5517909985997","72.9299286815939","48.6880008276011","65.5635486424007","77.7002623575084","4.56253480911255","6.37582045091463","7.20952922468912","8.06114115916355"
"Latin America & Caribbean (IDA & IBRD)","2021","5310337203631.62","7.20083212845076","8304.28022515683","14.7346696853638","75.6395615251638","68.7226452749016","72.0773193689861","52.5240736935035","69.2573050521225","79.3263371425729","3.9467500448227","6.75475643513381","7.97514187654553","9.17048548005192"
"Latin America & Caribbean (IDA & IBRD)","2022","6045250902748.99","4.00758799340008","9388.72096989775","14.7296199798584","76.8288166165784","70.5333190291882","73.6438104178462","52.6332876929561","69.9627663966391","80.4908403143676","3.89409995079041","4.67221859624925","5.62850727996085","6.51844933756572"
"Latin America & Caribbean (IDA & IBRD)","2023","6772781697090.74","2.18032895637414","10439.5260704558","..","..","..","..","52.2320620561728","69.872161584839","80.9922622310366","..","4.32287634221163","5.05502710178941","5.73961094668693"
"Least developed countries: UN classification","2015","920864864683.309","2.68376430305715","968.123889466947","9.18957996368408","65.6711157716246","61.3826268906933","63.4904325810368","..","..","..","3.21799993515015","..","..",".."
"Least developed countries: UN classification","2016","936561647193.379","3.67436691389086","961.052941601299","9.29436016082764","66.2445109817941","61.8553652506122","64.0145221546141","..","..","..","2.91133999824524","..","..",".."
"Least developed countries: UN classification","2017","1025062467402.31","4.47817465594949","1026.5687075244","9.3502197265625","66.6307354688097","62.2521578968494","64.4095962549102","..","..","..","2.94685506820678","..","..",".."
"Least developed countries: UN classification","2018","1090417461003.23","4.55790080139364","1066.18135482911","9.4986400604248","67.0697579026527","62.6160478121984","64.8137975348856","..","..","..","3.19835495948792","..","..",".."
"Least developed countries: UN classification","2019","1150500716964.01","5.006065947411","1098.40753887349","9.578049659729","67.4954540899862","62.8757359595512","65.1510049897917","..","..","..","3.01300001144409","..","..",".."
"Least developed countries: UN classification","2020","1162019936698.84","-0.0670758300886405","1082.9929209144","..","66.9596472617239","62.3859809531658","64.6297215434214","..","..","..","3.24249994754792","..","..",".."
"Least developed countries: UN classification","2021","1266743958589.09","2.77217553498012","1152.85242267264","..","66.6224955114607","61.8879660032214","64.2104904857691","..","..","..","3.11049997806549","..","..",".."
"Least developed countries: UN classification","2022","1424615962242.83","4.63041795567753","1267.00441526421","..","67.3894936358626","62.5386987739846","64.9225785824994","..","..","..","3.21099996566772","..","..",".."
"Least developed countries: UN classification","2023","1504251159792.01","3.71887838954082","1307.65017453078","..","..","..","..","..","..","..","..","..","..",".."
"Low & middle income","2015","25326526306958.9","4.73674282188234","4214.45758022272","11.6032104492188","72.7274841839354","68.2247761038965","70.4162036569678","..","..","..","3.86400008201599","..","..",".."
"Low & middle income","2016","25586586836480","4.76143528665671","4202.3081380546","11.7087802886963","73.0285966281907","68.4877636351692","70.6978394514758","..","..","..","3.82523989677429","..","..",".."
"Low & middle income","2017","27933259327710.6","5.33999436113508","4528.2851864622","11.7161197662354","73.3110074519881","68.6731707222998","70.9271487311159","..","..","..","3.7605299949646","..","..",".."
"Low & middle income","2018","29703722066967.9","4.99018331620758","4754.57584654863","11.6989698410034","73.5602163017642","68.9815056784259","71.2136725409061","..","..","..","3.68176996707916","..","..",".."
"Low & middle income","2019","30424528245038.4","4.08539765236242","4810.52084108954","11.7656202316284","73.7665356855976","69.1725168193623","71.4132799918996","..","..","..","3.6067349910736","..","..",".."
"Low & middle income","2020","29491920680088.1","-1.18968667762738","4608.95487620396","11.9340400695801","73.2266820771143","68.4205839815039","70.7470227263572","..","..","..","4.00860977172852","..","..",".."
"Low & middle income","2021","34734957850217.4","7.4245459256278","5370.44444121979","12.0203104019165","72.2048235184431","67.4079450548065","69.7240843829629","..","..","..","3.69673001766205","..","..",".."
"Low & middle income","2022","36438640513559.9","3.8490251921765","5582.45257367253","12.1669702529907","72.8031284268149","68.1125684281295","70.3955870414692","..","..","..","3.54986000061035","..","..",".."
"Low & middle income","2023","37425214512640","4.51907320890876","5676.38961014368","..","..","..","..","..","..","..","..","..","..",".."
"Low income","2015","416120726145.318","-0.569703594123581","714.771564692477","8.77989959716797","63.9142824600275","59.5277842023921","61.6995184139706","..","..","..","3.2558000087738","..","..",".."
"Low income","2016","383741508244.759","2.02314722788807","642.048021882497","8.86639022827148","64.4997651560028","59.9783370835827","62.2142411499284","..","..","..","2.95843005180359","..","..",".."
"Low income","2017","401921089084.377","3.0386972177858","654.651268016387","..","64.9566969676114","60.3527794102101","62.623713909071","..","..","..","2.76899003982544","..","..",".."
"Low income","2018","418228093932.972","3.41613589314854","662.943016876892","..","65.4360568599751","60.6241563701524","62.9952039179532","..","..","..","3.32295989990234","..","..",".."
"Low income","2019","445278364305.202","4.23360610408281","686.357799279352","..","65.8182192951723","61.086942542278","63.4239909431004","..","..","..","3.38250005245208","..","..",".."
"Low income","2020","439782467036.046","0.344386863215163","659.290978844395","..","65.3677817543619","60.6139952110069","62.9545325364614","..","..","..","3.57650005817414","..","..",".."
"Low income","2021","466420564539.205","2.06974668577087","680.657477755926","..","65.0392368353743","60.0508558916715","62.4961095080066","..","..","..","3.94350004196167","..","..",".."
"Low income","2022","530578689814.764","3.73694196526743","753.954266799717","..","65.5602578485325","60.551356540327","63.0113103919239","..","..","..","3.73600006103516","..","..",".."
"Low income","2023","646797730009.09","3.00565474237618","894.622389496696","..","..","..","..","..","..","..","..","..","..",".."
"Lower middle income","2015","5083698600746.07","5.93364859554003","1856.92603274113","10.8602304458618","69.4526949044928","65.9105878519603","67.6255898011124","..","..","..","4.004634141922","..","..",".."
"Lower middle income","2016","5297558624291.54","5.69252436082309","1906.05841740326","11.0308704376221","69.7970647489843","66.3248659935423","68.0092878079906","..","..","..","3.92226004600525","..","..",".."
"Lower middle income","2017","5693069209502.07","5.45719053900642","2018.06133276216","10.9815196990967","70.1371970868896","66.6323058064352","68.3334812907","..","..","..","3.73499500751495","..","..",".."
"Lower middle income","2018","5979736767522.21","5.43893672180083","2089.07047033603","10.8044204711914","70.3685938266705","66.8809445068442","68.5763043724071","51.0908199253585","45.6637657773255","64.158123352668","3.66400003433228","13.3084894404739","16.0050130873104","24.6691182322159"
"Lower middle income","2019","6278114868365.95","4.05632316283419","2162.54888541798","10.882080078125","70.6156239259828","67.0480666715323","68.7796405170075","53.3014083273773","50.5622095700923","66.8598447117834","3.44067001342773","12.7426221746478","15.2518381439256","21.6396972076983"
"Lower middle income","2020","6081790240107.94","-3.58530943059182","2065.92318543948","11.0618200302124","70.2005814910849","66.419527277552","68.2446418156649","..","..","..","3.78944993019104","..","..",".."
"Lower middle income","2021","6894335373844.59","6.6513506094125","2311.12106091849","11.2020502090454","68.4977865274211","64.7145443910331","66.5328126185319","54.1844761529249","49.2271751368849","65.3993905308356","3.37276005744934","12.6749293007469","15.1747927681514","21.5369232240393"
"Lower middle income","2022","7341102945343.33","5.82230668120529","2430.52646293958","11.4033699035645","69.1739748688504","65.3528893932323","67.1969794891736","56.3495006153622","53.428003526365","68.5836300746823","3.24026989936829","11.2152228125423","13.2949842084243","18.4596952784152"
"Lower middle income","2023","7384750127842.02","5.29164725590208","2413.66026325337","..","..","..","..","..","..","..","..","..","..",".."
"Middle East & North Africa","2015","3201010427587.39","2.69041730604347","7266.6592292899","12.3584995269775","75.1422697461675","70.8328113995866","72.8895160840123","..","..","..","..","..","..",".."
"Middle East & North Africa","2016","3234258578074.41","4.35975377623123","7204.57374392984","12.3620300292969","75.5621963324125","70.9661631022304","73.1525218426913","..","..","..","..","..","..",".."
"Middle East & North Africa","2017","3372000244857.37","1.95724359651095","7380.40569942152","12.4448003768921","76.0860390277461","71.3682796440752","73.6097428540992","..","..","..","3.73344993591309","..","..",".."
"Middle East & North Africa","2018","3538057099135.22","2.26225934406503","7607.52262859622","12.5549097061157","76.1942839951013","71.6424458764646","73.8115171255443","..","..","..","..","..","..",".."
"Middle East & North Africa","2019","3549945029851.94","1.37834963889598","7501.9689641949","12.6700601577759","76.2464016210705","71.8622692653563","73.9591150111936","..","..","..","3.55897998809814","..","..",".."
"Middle East & North Africa","2020","3199081953495.53","-4.0232993723727","6665.21717740336","12.7600898742676","75.3216817035146","70.8125761574148","72.9497683319316","..","..","..","..","..","..",".."
"Middle East & North Africa","2021","3780277127064.96","5.57289085590358","7775.55195119201","12.8473997116089","75.0848683994328","70.6397964426998","72.745678008424","..","..","..","..","12.5840294262466","16.8295862084905","25.7523809200825"
"Middle East & North Africa","2022","4497116837259.17","5.74836266642129","9116.77278273094","..","75.5164789063311","71.1185227701925","73.2112632494725","..","..","..","..","..","..",".."
"Middle East & North Africa","2023","4287684126920.01","1.78003975349195","8561.88648477206","..","..","..","..","..","..","..","..","..","..",".."
"Middle East & North Africa (excluding high income)","2015","1460582775148.29","0.722279033046206","3862.5722046145","12.1064596176147","74.462016609463","69.6348477604009","71.9861891242774","..","..","..","4.66321992874146","..","..",".."
"Middle East & North Africa (excluding high income)","2016","1496714718329.85","5.40129282968478","3887.0200728029","12.1031398773193","74.9161431030816","69.743159198602","72.2564883768439","..","..","..","3.92226004600525","..","..",".."
"Middle East & North Africa (excluding high income)","2017","1496691802249.52","3.12195637092995","3821.91888653613","12.1792097091675","75.4877692385437","70.2044401192554","72.7670011397562","..","..","..","3.73344993591309","..","..",".."
"Middle East & North Africa (excluding high income)","2018","1421482666869.71","1.81779376379079","3568.19940862031","12.2928495407104","75.5914158320651","70.5138473695015","72.9843734174749","..","..","..","..","..","..",".."
"Middle East & North Africa (excluding high income)","2019","1433133665481.6","1.11267383038005","3536.33661519656","12.4136600494385","75.6475984294132","70.7544342351566","73.1439185925959","..","..","..","..","..","..",".."
"Middle East & North Africa (excluding high income)","2020","1324364502715.09","-4.40283790910399","3215.95906834746","12.5183296203613","74.7328586137138","69.7636299624295","72.1726969965726","..","..","..","..","..","..",".."
"Middle East & North Africa (excluding high income)","2021","1535302141067.38","6.2212576875649","3672.55692035451","12.6142997741699","74.4250229393958","69.5314636067275","71.8998757257437","..","..","..","..","13.6953437339154","18.4954060642599","27.6668908253096"
"Middle East & North Africa (excluding high income)","2022","1760103359907.54","4.41129157016933","4147.97463172171","..","74.8163689566139","69.9198549386913","72.2970508645214","..","..","..","..","..","..",".."
"Middle East & North Africa (excluding high income)","2023","1646554468701.67","2.72709435668992","3821.57895660603","..","..","..","..","..","..","..","..","..","..",".."
"Middle East & North Africa (IDA & IBRD)","2015","1446610375148.29","0.694157744765775","3869.3156107047","12.0888900756836","74.4390402856514","69.604127197848","71.9585514664059","..","..","..","4.53192400932312","..","..",".."
"Middle East & North Africa (IDA & IBRD)","2016","1481309318329.85","5.36784154459941","3891.14303171761","12.0862598419189","74.8955393093402","69.7128123503652","72.2301322796325","..","..","..","3.68754005432129","..","..",".."
"Middle East & North Africa (IDA & IBRD)","2017","1480563802249.52","3.13894693829036","3824.23813565368","12.1617498397827","75.4708686264649","70.1758146030762","72.7432285455686","..","..","..","3.59650993347168","..","..",".."
"Middle East & North Africa (IDA & IBRD)","2018","1405206066869.71","1.82359039045528","3568.26749674958","12.2773199081421","75.5732306765435","70.4915334084817","72.9633890576299","..","..","..","3.68561005592346","..","..",".."
"Middle East & North Africa (IDA & IBRD)","2019","1416000165481.6","1.11023485004564","3534.92693633058","12.400369644165","75.6275631401302","70.7270346698035","73.1193901266412","..","..","..","..","..","..",".."
"Middle East & North Africa (IDA & IBRD)","2020","1308832802715.09","-4.33520481787218","3215.7512499761","12.507269859314","74.7095540396599","69.7356523541705","72.1463761984205","..","..","..","..","..","..",".."
"Middle East & North Africa (IDA & IBRD)","2021","1517193141067.38","6.21408909503336","3672.48448675069","12.6054401397705","74.4067666620801","69.5130632246939","71.8811305367081","..","..","..","..","13.5403107439076","17.9530173893834","26.7215572867178"
"Middle East & North Africa (IDA & IBRD)","2022","1740947356984.75","4.41432161507478","4152.18363676059","..","74.8026017921038","69.9067212690271","72.2832541162233","..","..","..","..","..","..",".."
"Middle East & North Africa (IDA & IBRD)","2023","1629170225345.52","2.80281277221705","3827.11624026457","..","..","..","..","..","..","..","..","..","..",".."
"Middle income","2015","24911694910932.1","4.82622585789552","4590.10014047065","12.0926504135132","73.6869179071137","69.1441577088697","71.3512267319122","..","..","..","4.15499997138977","..","..",".."
"Middle income","2016","25202592678135.5","4.80523435213244","4589.78770455454","12.2103204727173","73.9703564865139","69.4009314373415","71.621258310903","..","..","..","4.02162003517151","..","..",".."
"Middle income","2017","27530340426178","5.3758266172181","4956.25071427331","12.2133598327637","74.2473486990434","69.5802100126562","71.8449111029363","..","..","..","3.95115494728089","..","..",".."
"Middle income","2018","29284043921765.4","5.01414838235704","5213.90230128235","12.1763896942139","74.4852197118796","69.9076947350105","72.1367959054001","..","..","..","3.75143003463745","..","..",".."
"Middle income","2019","29978481798259.3","4.08317549770597","5281.78360259079","12.2542600631714","74.6871309697459","70.0846888773473","72.3264678396864","..","..","..","3.73721492290497","..","..",".."
"Middle income","2020","29051739634677.8","-1.21272096176956","5068.53998098794","12.4454202651978","74.1530804042441","69.3176423565817","71.6538984480762","..","..","..","4.21099996566772","..","..",".."
"Middle income","2021","34266063721746.8","7.5062161584262","5925.7709749664","12.571310043335","73.0645541033604","68.2691440711344","70.5806218182162","..","..","..","3.68318998813629","..","..",".."
"Middle income","2022","35907869702102.2","3.85059248991735","6165.89619410795","12.7562999725342","73.6889826501772","69.0154030561676","71.2879043700612","..","..","..","3.51972007751465","..","..",".."
"Middle income","2023","36786942112904.5","4.53956499396988","6266.77743233869","..","..","..","..","..","..","..","..","..","..",".."
"North America","2015","19858182357217.1","2.76110455782432","55701.8124434679","16.5375003814697","81.4694176997658","76.6556778419578","79.0036582508315","41.5221294267119","58.1236006455894","74.0722088655031","4.84308004379272","3.31378906219977","3.34981051078452","3.38581661696104"
"North America","2016","20339807652907.4","1.75741359164776","56617.8738074516","16.6067409515381","81.3945503686388","76.4849927218293","78.8797354245521","41.6466765414927","58.1775990057874","73.768020993315","4.81154012680054","3.34297310820265","3.29936568116589","3.25753309947721"
"North America","2017","21268509960244.1","2.50284496236797","58796.4689001287","16.6112308502197","81.3951392537478","76.4700921996714","78.8724748510911","41.8090122582872","58.1654628425436","73.4617159069687","5.04142498970032","3.01702145033071","3.05906232311493","3.0990329568067"
"North America","2018","22389071169783","2.94789314183848","61512.706498042","16.5782299041748","81.4840734841304","76.5677062873414","78.9658408891533","42.2524839441495","57.7984673929777","73.3620911367152","4.90893507003784","2.78092899389091","2.78881280853799","2.79577035876554"
"North America","2019","23272543648672.5","2.42273337667585","63584.0377419401","16.571159362793","81.7051153965213","76.6998824505368","79.1413566322465","42.4471078695916","57.9275341969982","73.3239814416871","4.88010501861572","2.73105943416791","2.7130516043372","2.69417188734028"
"North America","2020","22985521877000.2","-2.43435524574377","62186.9899064628","16.5644607543945","80.3165294925124","74.7450957395982","77.4627122311888","41.1321152055962","55.9970371959488","71.7915300271032","5.16169500350952","5.51877605938865","5.85153151197312","6.16949478467738"
"North America","2021","25608789788464.2","5.76128554552649","69147.0491707873","16.3716106414795","79.7866169071703","74.0978200395673","76.8726582708139","41.8660736165742","56.0307193073517","71.6729933477798","5.09200310707092","3.93517129766606","3.93301300254457","3.93145243371308"
"North America","2022","27913419349422","2.07867367857624","74980.8332051402","16.4391803741455","80.5531469167115","75.2539631070058","77.8387536959044","42.5970258490768","56.6425762047755","71.9679193261761","4.789785861969","2.60102221002871","2.60030411250216","2.59986145586509"
"North America","2023","29509296092073.6","2.42961669734257","78675.4809268757","..","..","..","..","44.0124946261633","56.9335063979862","72.0554763309153","..","2.71947453947341","2.67295914121991","2.62995367365399"
"OECD members","2015","47536673280840.8","2.50207436198141","35733.3440313659","16.3678398132324","82.5473100053052","77.1521214331235","79.7941423491773","45.30141807599","62.5908926751535","77.088311877717","4.97118520736695","5.55396841113664","6.459706567488","7.47965688474007"
"OECD members","2016","48460554255214.5","1.85135632605747","36197.2181448972","16.4713897705078","82.6770125762811","77.2500365534321","79.9068740392267","45.1154514768658","62.6442289437861","77.0274479289221","4.87302494049072","5.37020634398681","6.25882258908986","7.27656456466862"
"OECD members","2017","50610712929528.3","2.58610547344895","37576.6175060967","16.5418605804443","82.669501341939","77.3079533216035","79.9333351462022","45.2263871347523","62.5186272870414","76.8392121102218","4.96064496040345","4.98899792780014","5.9767343202079","7.101952524541"
"OECD members","2018","53525975116832.1","2.34382863954505","39507.1176312125","16.5371608734131","82.75458177135","77.3799247354284","80.0115717465781","45.0998973231577","62.4236990879342","76.6635820532813","4.9294900894165","4.85844090568392","5.75375955287601","6.78390689982783"
"OECD members","2019","54053010452622.2","1.7994373215387","39685.5608569649","16.5838508605957","82.9783819353123","77.5812905348453","80.2235418765656","45.2827120099526","62.3652630505293","76.759441139217","4.98727989196777","5.15220191262467","6.01828683361436","7.00257949459305"
"OECD members","2020","52852896615891.7","-3.95334855901352","38592.7778890311","16.5728492736816","81.8680499114006","76.0904574178018","78.8993835759152","42.9713806291718","60.074823548535","75.4112607483211","5.33907985687256","5.68304543705717","6.20323545108883","6.74771720729893"
"OECD members","2021","58899843230643.7","5.71465206139672","42930.7751337564","16.58251953125","81.7015519298761","75.8029380186234","78.6662054863823","44.0282400864079","61.5098217146391","75.6073279143213","5.05000019073486","5.72030411771558","6.52892553765132","7.4487383022242"
"OECD members","2022","60170092967268.4","2.77835122172057","43681.7314639081","16.6023292541504","82.4092425777779","76.9629440080546","79.6307987453617","44.070246475784","61.9438176119084","76.260375759209","..","4.57358355619242","5.28252355931209","6.07646103849109"
"OECD members","2023","64098865773303","1.66653538565984","46280.5806131269","..","..","..","..","44.6511974173638","62.0292820795793","76.4572184075958","..","4.23169606615272","4.92290186271697","5.73077123183341"
"Other small states","2015","151721848514.729","3.36494787653683","11597.2856104624","11.5615100860596","74.6883492371363","70.1588960800686","72.2915632669388","..","..","..","5.14418983459473","..","..",".."
"Other small states","2016","159200150156.228","3.8912084246695","12007.5839403413","11.5978498458862","75.0551341956775","70.4654374410254","72.6272199710453","..","..","..","5.15763998031616","..","..",".."
"Other small states","2017","176977448024.04","4.76330819546558","13168.3078074236","11.7004203796387","75.4808440156297","70.8194564085311","73.0133546433457","..","..","..","4.96131992340088","..","..",".."
"Other small states","2018","193850030853.887","3.97088218742294","14244.5883875934","..","75.6345261973865","71.1090186639081","73.2401483121548","..","..","..","4.88100004196167","..","..",".."
"Other small states","2019","195442320173.664","4.06419882121789","14212.9139759241","..","75.8675530197632","71.3322219416802","73.4700633121699","..","..","..","4.87746000289917","..","..",".."
"Other small states","2020","178185121948.331","-5.71729190315421","12862.5340808613","..","75.7238950781155","70.919286329782","73.1733964395647","..","..","..","4.85622000694275","..","..",".."
"Other small states","2021","208006924432.84","6.58600635011335","14917.5933984416","..","74.8828022456099","70.1609581117454","72.3668987010047","42.3941966032976","..","..","4.98070502281189","..","..",".."
"Other small states","2022","223331355321.864","4.54016837834456","15844.3700627197","..","75.3361642176335","70.6968186579834","72.870262555981","..","..","..","..","..","..",".."
"Other small states","2023","234402049500.765","2.47994745829881","16459.966187197","..","..","..","..","..","..","..","..","..","..",".."
"Pacific island small states","2015","9082590662.61225","3.77915708122441","3735.49952275424","..","70.7023509791534","66.6296026681684","68.562208761319","..","..","..","..","..","..",".."
"Pacific island small states","2016","9532201525.56813","3.78060733595218","3878.32501790946","..","70.8942430013028","66.9467072440069","68.8275112368945","..","..","..","..","..","..",".."
"Pacific island small states","2017","10290482444.2108","4.0055017910708","4142.26772455685","..","71.17832724888","67.2381711370442","69.1188648923584","..","..","..","..","..","..",".."
"Pacific island small states","2018","10791457053.2083","2.76318012867718","4298.99819904991","..","71.2616234290291","67.3394473763238","69.2137482861639","..","..","..","..","..","..",".."
"Pacific island small states","2019","10729092905.3643","1.21450022836216","4230.5980928619","..","71.3253170902613","67.4326799482867","69.2942514087701","..","..","..","..","..","..",".."
"Pacific island small states","2020","9505064735.52033","-10.253068536481","3703.05219632562","..","71.3734081063622","67.5219090934546","69.3649211004034","..","..","..","..","..","..",".."
"Pacific island small states","2021","9493809706.88294","-2.86796554332169","3648.41603801244","..","71.2000860291351","67.3069486333564","69.1635941828432","..","..","..","..","..","..",".."
"Pacific island small states","2022","10316299126.576","9.30839715412249","3909.14166460187","..","71.8506803310539","67.7901891025665","69.734834839395","..","..","..","..","..","..",".."
"Pacific island small states","2023","11232231820.2487","5.75845167953774","4194.68736938507","..","..","..","..","..","..","..","..","..","..",".."
"Post-demographic dividend","2015","44669765037594.5","2.2243851593875","40717.0989510662","16.5987606048584","83.1181548987002","77.7947147005582","80.3817473499255","41.5765742819548","62.0062230477891","76.2353351563415","4.95793271064758","5.70108704339885","6.33522882218126","7.03970271828407"
"Post-demographic dividend","2016","45693398993292.1","1.79792653657221","41461.9972670039","16.5934505462646","83.287612535342","77.9401184612954","80.5391330454269","41.1581650786143","62.1284513120129","76.2221432775411","4.92138719558716","5.22227969120868","5.82763684950915","6.53064942580564"
"Post-demographic dividend","2017","47667106352008.1","2.46508650194241","43088.4274179433","16.6175403594971","83.2960993513902","78.0180859381803","80.583392604549","42.2990612950256","61.154275998202","76.0757973687383","4.95996999740601","4.83842421886211","5.33003776948333","5.9289371464956"
"Post-demographic dividend","2018","50504305917292.3","2.25056575504183","45491.2207882764","16.5546398162842","83.3822606927009","78.1060977886527","80.6701397121385","42.1458469152774","62.3361557959772","76.0356166525902","4.93008995056152","4.4001613187701","4.85344484003617","5.40505025870713"
"Post-demographic dividend","2019","51018795008395.9","1.76860550874882","45822.0716593778","16.6070804595947","83.6151518811498","78.3288070512458","80.8980437439001","42.1407894244496","62.1660425175968","75.9666738987991","4.98338484764099","4.0801586465482","4.53746301302178","5.0711791466331"
"Post-demographic dividend","2020","50004904334179.6","-4.12374881367235","44745.8899129628","16.6050891876221","82.8441780629521","77.3043356818783","79.9983213884459","41.0876106894668","60.6819757273664","75.0367921482658","5.29163980484009","5.25283952480472","5.6677555504624","6.11131965134599"
"Post-demographic dividend","2021","55588775180110.4","5.4462382045962","49781.6773081209","16.620059967041","82.5985421081084","77.0295621043494","79.7379449051126","41.313425901371","61.3991766495983","74.7992277053923","5.05000019073486","4.69859027214789","5.09463385170736","5.54083388184224"
"Post-demographic dividend","2022","56564201304341.6","2.41323295588987","50759.6274098503","16.6564903259277","82.8902519512098","77.5935495156664","80.1676151914022","41.7688039705243","61.5915209104275","75.531555454043","..","3.54376274287111","3.8897004685774","4.27579273229554"
"Post-demographic dividend","2023","59851800976561.2","1.68932084550499","53464.0015221955","..","..","..","..","42.3817557407472","61.5829701019889","75.6803061569709","..","3.4413359657086","3.80263021953179","4.21661014896592"
"Pre-demographic dividend","2015","1305833014908.77","3.27668118730698","1524.75727930826","9.01620006561279","60.7279299686621","57.5258622387079","59.1193712621413","..","..","..","3.2558000087738","..","..",".."
"Pre-demographic dividend","2016","1163168926723.78","2.39832550615498","1320.44521076183","8.94769954681396","61.162845242452","57.90489880073","59.5239150627753","..","..","..","2.93488502502441","..","..",".."
"Pre-demographic dividend","2017","1214614486271.29","1.6152836623985","1340.65197800485","8.99271965026855","61.6519296374509","58.2729739001418","59.9506113469282","..","..","..","3.63261497020722","..","..",".."
"Pre-demographic dividend","2018","1353360006187.64","2.58736314113948","1452.93366963466","..","62.035157044396","58.6963199387726","60.3548387754098","..","..","..","3.26730489730835","..","..",".."
"Pre-demographic dividend","2019","1427162956056.16","3.30796457026474","1490.50456175284","..","62.4316538057646","59.0333212067024","60.7216573709725","..","..","..","3.44067001342773","..","..",".."
"Pre-demographic dividend","2020","1309584194481.23","-2.5612561140204","1330.58963017454","..","62.0485411780699","58.4902350604871","60.2495318388733","..","..","..","3.45700001716614","..","..",".."
"Pre-demographic dividend","2021","1435824208115.63","3.15426000013312","1420.14132754964","..","61.7340657266934","58.0659037548608","59.87258063232","..","..","..","3.11500000953674","..","..",".."
"Pre-demographic dividend","2022","1639586866408.66","4.1405972463585","1579.54435449704","..","62.3412257098832","58.7110315447701","60.503021172034","..","..","..","3.13899993896484","..","..",".."
"Pre-demographic dividend","2023","1562533897053.54","2.36676205045751","1466.18967475135","..","..","..","..","..","..","..","..","..","..",".."
"Small states","2015","195342695295.027","2.90217784638642","10568.2406997506","11.8792896270752","74.2247824419274","69.4981063074461","71.7374274433806","..","..","..","5.14418983459473","..","..",".."
"Small states","2016","202183604189.062","3.28151427764374","10806.5478125662","11.9341602325439","74.566517617825","69.8093635707692","72.0653097209304","..","..","..","5.15763998031616","..","..",".."
"Small states","2017","222189517961.591","4.24285823264236","11730.8818238776","11.9860095977783","74.9422958000612","70.1339811308705","72.413998438043","..","..","..","4.96131992340088","..","..",".."
"Small states","2018","240866904455.296","3.73297279210021","12560.1901388749","..","75.1140324448761","70.388924680703","72.6308564795014","..","..","..","4.88100004196167","..","..",".."
"Small states","2019","243792423417.39","3.42548851149165","12581.2230617678","..","75.209868018173","70.52864895733","72.7506270642623","..","..","..","4.87746000289917","..","..",".."
"Small states","2020","219068216684.633","-6.48876819930216","11219.28661025","..","75.1407035637479","70.2083139014445","72.5405980370116","..","..","..","4.85622000694275","..","..",".."
"Small states","2021","254207327038.415","6.78651457690746","12920.699840484","..","74.2053007660009","69.3670739460845","71.6444984379684","..","..","..","4.98070502281189","..","..",".."
"Small states","2022","281850778773.269","7.685584096989","14176.6140571601","..","74.6997877298593","69.8937759830053","72.1645255241764","..","..","..","..","..","..",".."
"Small states","2023","298978248910.632","4.53062456779698","14884.7569105337","..","..","..","..","..","..","..","..","..","..",".."
"South Asia","2015","2733618963171.59","7.25156162420913","1539.5941449215","10.9062404632568","70.8271815187454","67.5944489238994","69.1437835147163","..","..","..","2.95290994644165","..","..",".."
"South Asia","2016","3011037037667.86","7.77623550746786","1675.52326892233","11.2732696533203","71.2502493731573","68.090015490837","69.609572441708","..","..","..","3.35314500331878","..","..",".."
"South Asia","2017","3433921312241.12","6.50264099306672","1887.87828259142","11.1366100311279","71.6446702064759","68.4358905811306","69.9792893786272","..","..","..","3.06108498573303","..","..",".."
"South Asia","2018","3534066858502","6.33469355433985","1920.13115754982","10.7540702819824","71.9158167502495","68.7059284649452","70.2534786113924","48.9893144662221","42.2054383083121","61.0495927677949","2.33200001716614","13.4106375092691","15.813329990817","24.4335655823107"
"South Asia","2019","3658209766221.57","3.92432284048063","1965.09061363678","10.7979202270508","72.2004589104808","68.872210235854","70.4727549740685","50.1295966931993","43.2487264286468","62.1935841182942","2.85049998760223","12.798567299171","15.195375342322","22.9349231925044"
"South Asia","2020","3493120726807.89","-4.58269312944782","1855.54425205771","11.0651798248291","71.6133038196459","68.0443600410197","69.7483309161325","50.9940528639991","42.9751576130858","61.3797507205194","2.05699992179871","15.127850702115","17.7056233114682","26.3839187081736"
"South Asia","2021","4079882760410.17","8.76382055037797","2145.14846632702","11.2717304229736","69.4320706489244","65.8939763288468","67.5791290463818","52.1960798344947","45.4142583420846","62.8954654071919","1.8309999704361","12.8020216380792","15.5239262649573","24.6345478489562"
"South Asia","2022","4327288984027.91","6.31221169170688","2254.56195751261","11.6668300628662","70.0557324026669","66.4297188128372","68.1609330214255","53.528138030111","47.6449446726238","65.4138907934692","1.97300004959106","11.6885441241789","13.8253391308406","20.6503459500792"
"South Asia","2023","4475567635413.06","6.35285494018545","2308.71977654436","..","..","..","..","55.9497554429616","47.2044358868834","65.2716712316423","..","10.8365741688676","13.3120974481629","20.5829030562363"
"South Asia (IDA & IBRD)","2015","2733618963171.59","7.25156162420913","1539.5941449215","10.9062404632568","70.8271815187454","67.5944489238994","69.1437835147163","..","..","..","2.95290994644165","..","..",".."
"South Asia (IDA & IBRD)","2016","3011037037667.86","7.77623550746786","1675.52326892233","11.2732696533203","71.2502493731573","68.090015490837","69.609572441708","..","..","..","3.35314500331878","..","..",".."
"South Asia (IDA & IBRD)","2017","3433921312241.12","6.50264099306672","1887.87828259142","11.1366100311279","71.6446702064759","68.4358905811306","69.9792893786272","..","..","..","3.06108498573303","..","..",".."
"South Asia (IDA & IBRD)","2018","3534066858502","6.33469355433985","1920.13115754982","10.7540702819824","71.9158167502495","68.7059284649452","70.2534786113924","48.9893144662221","42.2054383083121","61.0495927677949","2.33200001716614","13.4106375092691","15.813329990817","24.4335655823107"
"South Asia (IDA & IBRD)","2019","3658209766221.57","3.92432284048063","1965.09061363678","10.7979202270508","72.2004589104808","68.872210235854","70.4727549740685","50.1295966931993","43.2487264286468","62.1935841182942","2.85049998760223","12.798567299171","15.195375342322","22.9349231925044"
"South Asia (IDA & IBRD)","2020","3493120726807.89","-4.58269312944782","1855.54425205771","11.0651798248291","71.6133038196459","68.0443600410197","69.7483309161325","50.9940528639991","42.9751576130858","61.3797507205194","2.05699992179871","15.127850702115","17.7056233114682","26.3839187081736"
"South Asia (IDA & IBRD)","2021","4079882760410.17","8.76382055037797","2145.14846632702","11.2717304229736","69.4320706489244","65.8939763288468","67.5791290463818","52.1960798344947","45.4142583420846","62.8954654071919","1.8309999704361","12.8020216380792","15.5239262649573","24.6345478489562"
"South Asia (IDA & IBRD)","2022","4327288984027.91","6.31221169170688","2254.56195751261","11.6668300628662","70.0557324026669","66.4297188128372","68.1609330214255","53.528138030111","47.6449446726238","65.4138907934692","1.97300004959106","11.6885441241789","13.8253391308406","20.6503459500792"
"South Asia (IDA & IBRD)","2023","4475567635413.06","6.35285494018545","2308.71977654436","..","..","..","..","55.9497554429616","47.2044358868834","65.2716712316423","..","10.8365741688676","13.3120974481629","20.5829030562363"
"Sub-Saharan Africa","2015","1668662993704.66","2.92037388274858","1654.27280706483","9.19927978515625","61.3688950923149","57.7664948680143","59.5629817000586","..","..","..","3.71469998359681","..","..",".."
"Sub-Saharan Africa","2016","1522011045162.78","1.24203717635056","1468.9014601283","9.14515972137451","61.888234052797","58.2621843157431","60.0690246731195","..","..","..","3.43478989601135","..","..",".."
"Sub-Saharan Africa","2017","1625855640496.81","2.4842832882705","1528.22459360107","9.1986198425293","62.3068347422116","58.6578798194708","60.4771384571495","..","..","..","3.73654007911682","..","..",".."
"Sub-Saharan Africa","2018","1780908927291.34","2.75496705784248","1630.26588268491","..","62.7296620387253","59.0109821350343","60.8630275388921","..","..","..","3.50772500038147","..","..",".."
"Sub-Saharan Africa","2019","1830460925279.6","2.65974505028328","1632.082811636","..","63.1389059508945","59.3644173928913","61.2442905189234","..","..","..","3.5405249595642","..","..",".."
"Sub-Saharan Africa","2020","1716220805506.51","-1.96689482692713","1490.67810597184","..","62.8303848349573","58.9028798104409","60.8488944244664","..","..","..","3.81900000572205","..","..",".."
"Sub-Saharan Africa","2021","1932765211586.67","4.26493689249247","1636.32385226633","..","62.2782295793988","58.2643357525098","60.2417434631864","..","..","..","3.41899991035461","..","..",".."
"Sub-Saharan Africa","2022","2061102939319.23","3.66056242275046","1701.71726642046","..","62.7729087225506","58.8078496492922","60.7643999775278","..","..","..","3.37885999679566","..","..",".."
"Sub-Saharan Africa","2023","2032749202553.06","2.95509553212815","1636.80874120826","..","..","..","..","..","..","..","..","..","..",".."
"Sub-Saharan Africa (excluding high income)","2015","1667230590352.53","2.91550805166534","1653.00584689775","9.199049949646","61.3673703497257","57.7652946896961","59.5616171804581","..","..","..","3.71469998359681","..","..",".."
"Sub-Saharan Africa (excluding high income)","2016","1520442531814.64","1.23269348476941","1467.52177135115","9.1449499130249","61.8866468795352","58.2611809072667","60.0677233314774","..","..","..","3.43478989601135","..","..",".."
"Sub-Saharan Africa (excluding high income)","2017","1624180269855.8","2.48003006546065","1526.78737212966","9.19839954376221","62.3054531247154","58.6567748681824","60.4758930748584","..","..","..","3.73654007911682","..","..",".."
"Sub-Saharan Africa (excluding high income)","2018","1779124613364.58","2.75279768600285","1628.7767721828","..","62.7284331768809","59.0100954423378","60.8619664295261","..","..","..","3.50772500038147","..","..",".."
"Sub-Saharan Africa (excluding high income)","2019","1828592235182.87","2.65684995243201","1630.55857440587","..","63.1376518555928","59.3634484906911","61.2431760700969","..","..","..","3.5405249595642","..","..",".."
"Sub-Saharan Africa (excluding high income)","2020","1714838253754.94","-1.95670713533904","1489.60464113599","..","62.8288386458038","58.9016320417237","60.8474927916025","..","..","..","3.81900000572205","..","..",".."
"Sub-Saharan Africa (excluding high income)","2021","1931278037791.87","4.26842091333799","1635.20218922633","..","62.2771739927666","58.2631771807149","60.2406378326655","..","..","..","3.41899991035461","..","..",".."
"Sub-Saharan Africa (excluding high income)","2022","2059044970799.4","3.65032149552491","1700.18641364767","..","62.7716729594798","58.8064908861598","60.7631048177053","..","..","..","3.37885999679566","..","..",".."
"Sub-Saharan Africa (excluding high income)","2023","2030607752381.92","2.95488811486773","1635.24211286661","..","..","..","..","..","..","..","..","..","..",".."
"Sub-Saharan Africa (IDA & IBRD)","2015","1668662993704.66","2.92037388274858","1654.27280706483","9.19927978515625","61.3688950923149","57.7664948680143","59.5629817000586","..","..","..","3.71469998359681","..","..",".."
"Sub-Saharan Africa (IDA & IBRD)","2016","1522011045162.78","1.24203717635056","1468.9014601283","9.14515972137451","61.888234052797","58.2621843157431","60.0690246731195","..","..","..","3.43478989601135","..","..",".."
"Sub-Saharan Africa (IDA & IBRD)","2017","1625855640496.81","2.4842832882705","1528.22459360107","9.1986198425293","62.3068347422116","58.6578798194708","60.4771384571495","..","..","..","3.73654007911682","..","..",".."
"Sub-Saharan Africa (IDA & IBRD)","2018","1780908927291.34","2.75496705784242","1630.26588268491","..","62.7296620387253","59.0109821350343","60.8630275388921","..","..","..","3.50772500038147","..","..",".."
"Sub-Saharan Africa (IDA & IBRD)","2019","1830460925279.6","2.65974505028328","1632.082811636","..","63.1389059508945","59.3644173928913","61.2442905189234","..","..","..","3.5405249595642","..","..",".."
"Sub-Saharan Africa (IDA & IBRD)","2020","1716220805506.51","-1.9668948269271","1490.67810597184","..","62.8303848349573","58.9028798104409","60.8488944244664","..","..","..","3.81900000572205","..","..",".."
"Sub-Saharan Africa (IDA & IBRD)","2021","1932765211586.67","4.26493689249247","1636.32385226633","..","62.2782295793988","58.2643357525098","60.2417434631864","..","..","..","3.41899991035461","..","..",".."
"Sub-Saharan Africa (IDA & IBRD)","2022","2061102939319.23","3.66056242275046","1701.71726642046","..","62.7729087225506","58.8078496492922","60.7643999775278","..","..","..","3.37885999679566","..","..",".."
"Sub-Saharan Africa (IDA & IBRD)","2023","2032749202553.06","2.95509553212815","1636.80874120826","..","..","..","..","..","..","..","..","..","..",".."
"Upper middle income","2015","19827996310186","4.54601307323637","7372.17996247398","14.0556001663208","77.9564836156678","72.4659765895258","75.1435278882769","..","..","..","4.4286949634552","..","..",".."
"Upper middle income","2016","19905034053844","4.57774212825505","7340.45765373801","14.1076498031616","78.2085096346194","72.5822022816081","75.3233227356811","..","..","..","4.36299991607666","..","..",".."
"Upper middle income","2017","21837271216675.9","5.35474335314659","7988.4308620841","14.1891298294067","78.4503757233729","72.6496976566716","75.4686692698172","..","..","..","4.25149989128113","..","..",".."
"Upper middle income","2018","23304307154243.2","4.90396891584386","8461.55538976532","14.3068599700928","78.7248823195706","73.0815104955425","75.8372322646074","..","..","..","4.0644999742508","..","..",".."
"Upper middle income","2019","23700366929893.4","4.09017583927643","8547.70630387593","14.4504098892212","78.9115645174375","73.292470251663","76.040091507345","..","..","..","3.98000001907349","..","..",".."
"Upper middle income","2020","22969949394569.8","-0.594393798185607","8239.11108405914","14.6164598464966","78.2884764955721","72.4055104257308","75.2538551850473","..","..","..","4.39921998977661","..","..",".."
"Upper middle income","2021","27373038582479.3","7.72230187446708","9778.05333809637","14.8022804260254","77.885379420774","72.092026773822","74.8940158793599","..","..","..","3.74699997901917","..","..",".."
"Upper middle income","2022","28567593041349.3","3.35715409317852","10190.883998462","14.9369497299194","78.5077956012419","72.9984264676882","75.6956921126255","..","..","..","3.72994494438172","..","..",".."
"Upper middle income","2023","29403677430761.3","4.34624927549552","10461.7526167701","..","..","..","..","..","..","..","..","..","..",".."
"World","2015","75359657218242.5","3.12613558771196","10177.8905141454","12.107780456543","74.5727407328517","69.7589484662493","72.0941749992632","..","..","..","4.35459995269775","..","..",".."
"World","2016","76588030455295.5","2.82055728507054","10224.0659312632","12.2018003463745","74.8374842655217","69.9949783354279","72.3442006684463","..","..","..","4.241219997406","..","..",".."
"World","2017","81550955754739.3","3.46023911788988","10762.8045848545","12.2039604187012","75.0623568152852","70.169217797125","72.5413583850165","..","..","..","4.25576019287109","..","..",".."
"World","2018","86686870786621.5","3.28661298847909","11315.083985152","12.1747703552246","75.2712632150792","70.4312265859335","72.7830363532923","..","..","..","4.15574502944946","..","..",".."
"World","2019","87945574337517.8","2.64221643519326","11358.4786578376","12.2374000549316","75.4696190562604","70.6226989226259","72.9790204176782","..","..","..","4.13613510131836","..","..",".."
"World","2020","85577718250195.5","-2.93204334405938","10941.6626777859","12.3896999359131","74.8571439247047","69.7973017136884","72.242504599067","..","..","..","4.44600009918213","..","..",".."
"World","2021","97527032881901.1","6.25985128447172","12362.4642088343","12.4720401763916","73.9345569491332","68.8966508012641","71.3271567374629","..","..","..","4.23099994659424","..","..",".."
"World","2022","101225059591363","3.08960746444744","12730.1571671098","12.6031198501587","74.5335277030471","69.6031523538479","71.9963523835841","..","..","..","3.72912001609802","..","..",".."
"World","2023","105435039507024","2.71933336640949","13138.3275456864","..","..","..","..","..","..","..","..","..","..",".."
